Title,Year,Director,Cast,Genre,Rating,Duration,Votes
The Shawshank Redemption,1994,Frank Darabont,"Tim Robbins, Morgan Freeman, Bob Gunton, William Sadler, Clancy Brown",Drama,9.3/10,142 min,"3,037,326"
The Godfather,1972,Francis Ford Coppola,"Marlon Brando, Al Pacino, James Caan, Richard S. Castellano, Robert Duvall","Crime, Drama",9.2/10,175 min,"2,120,236"
The Dark Knight,2008,Christopher Nolan,"Christian Bale, Heath Ledger, Aaron Eckhart, Michael Caine, Maggie Gyllenhaal","Action, Crime, Drama, Thriller",9.0/10,152 min,"3,014,024"
The Godfather Part II,1974,Francis Ford Coppola,"Al Pacino, Robert Duvall, Diane Keaton, Robert De Niro, John Cazale","Crime, Drama",9.0/10,202 min,"1,426,440"
12 Angry Men,1957,Sidney Lumet,"Martin Balsam, John Fiedler, Lee J. Cobb, E.G. Marshall, Jack Klugman","Crime, Drama",9.0/10,96 min,"922,805"
The Lord of the Rings: The Return of the King,2003,Peter Jackson,"Noel Appleby, Ali Astin, Sean Astin, David Aston, John Bach","Adventure, Drama, Fantasy",9.0/10,201 min,"2,073,885"
Schindler's List,1993,Steven Spielberg,"Liam Neeson, Ben Kingsley, Ralph Fiennes, Caroline Goodall, Jonathan Sagall","Biography, Drama, History",9.0/10,195 min,"1,519,398"
Pulp Fiction,1994,Quentin Tarantino,"Tim Roth, Amanda Plummer, Laura Lovelace, John Travolta, Samuel L. Jackson","Crime, Drama",8.9/10,154 min,"2,330,149"
The Lord of the Rings: The Fellowship of the Ring,2001,Peter Jackson,"Alan Howard, Noel Appleby, Sean Astin, Sala Baker, Sean Bean","Adventure, Drama, Fantasy",8.9/10,178 min,"2,103,735"
"Electric Vehicles: The Good, the Bad and the Ugly",2025,Mathias Magnason,"Jo Borras, James Jay Carafano, Nicolas Chaillan, Larry Elder, Alexander Epstein",Documentary,8.8/10,N/A,10
Forrest Gump,1994,Robert Zemeckis,"Tom Hanks, Rebecca Williams, Sally Field, Michael Conner Humphreys, Harold G. Herthum","Drama, Romance",8.8/10,142 min,"2,373,997"
The Lord of the Rings: The Two Towers,2002,Peter Jackson,"Bruce Allpress, Sean Astin, John Bach, Sala Baker, Cate Blanchett","Adventure, Drama, Fantasy",8.8/10,179 min,"1,869,681"
Fight Club,1999,David Fincher,"Edward Norton, Brad Pitt, Meat Loaf, Zach Grenier, Richmond Arquette","Crime, Drama, Thriller",8.8/10,139 min,"2,458,589"
Inception,2010,Christopher Nolan,"Leonardo DiCaprio, Joseph Gordon-Levitt, Elliot Page, Tom Hardy, Ken Watanabe","Action, Adventure, Sci-Fi, Thriller",8.8/10,148 min,"2,677,221"
Star Wars: Episode V - The Empire Strikes Back,1980,Irvin Kershner,"Mark Hamill, Harrison Ford, Carrie Fisher, Billy Dee Williams, Anthony Daniels","Action, Adventure, Fantasy, Sci-Fi",8.7/10,124 min,"1,437,970"
The Matrix,1999,"Lana Wachowski, Lilly Wachowski","Keanu Reeves, Laurence Fishburne, Carrie-Anne Moss, Hugo Weaving, Gloria Foster","Action, Sci-Fi",8.7/10,136 min,"2,151,250"
Goodfellas,1990,Martin Scorsese,"Robert De Niro, Ray Liotta, Joe Pesci, Lorraine Bracco, Paul Sorvino","Biography, Crime, Drama",8.7/10,145 min,"1,322,503"
Interstellar,2014,Christopher Nolan,"Ellen Burstyn, Matthew McConaughey, Mackenzie Foy, John Lithgow, Timothée Chalamet","Adventure, Drama, Sci-Fi",8.7/10,169 min,"2,337,167"
One Flew Over the Cuckoo's Nest,1975,Milos Forman,"Michael Berryman, Peter Brocco, Dean R. Brooks, Alonzo Brown, Scatman Crothers",Drama,8.7/10,133 min,"1,114,643"
Seven,1995,David Fincher,"Morgan Freeman, Andrew Kevin Walker, Daniel Zacapa, Brad Pitt, Gwyneth Paltrow","Crime, Drama, Mystery, Thriller",8.6/10,127 min,"1,906,410"
It's a Wonderful Life,1946,Frank Capra,"James Stewart, Donna Reed, Lionel Barrymore, Thomas Mitchell, Henry Travers","Drama, Family, Fantasy, Romance",8.6/10,130 min,"526,831"
The Silence of the Lambs,1991,Jonathan Demme,"Jodie Foster, Anthony Hopkins, Scott Glenn, Ted Levine, Anthony Heald","Crime, Drama, Horror, Thriller",8.6/10,118 min,"1,631,040"
Seven Samurai,1954,Akira Kurosawa,"Toshirô Mifune, Takashi Shimura, Keiko Tsushima, Yukiko Shimazaki, Kamatari Fujiwara","Action, Drama",8.6/10,207 min,"383,300"
Saving Private Ryan,1998,Steven Spielberg,"Tom Hanks, Tom Sizemore, Edward Burns, Barry Pepper, Adam Goldberg","Drama, War",8.6/10,169 min,"1,566,854"
City of God,2002,"Fernando Meirelles, Kátia Lund","Alexandre Rodrigues, Leandro Firmino, Phellipe Haagensen, Douglas Silva, Jonathan Haagensen","Crime, Drama",8.6/10,130 min,"835,951"
The Green Mile,1999,Frank Darabont,"Tom Hanks, David Morse, Bonnie Hunt, Michael Clarke Duncan, James Cromwell","Crime, Drama, Fantasy, Mystery",8.6/10,189 min,"1,482,342"
Life Is Beautiful,1997,Roberto Benigni,"Roberto Benigni, Nicoletta Braschi, Giorgio Cantarini, Giustino Durano, Sergio Bini Bustric","Comedy, Drama, Romance, War",8.6/10,116 min,"776,704"
Terminator 2: Judgment Day,1991,James Cameron,"Arnold Schwarzenegger, Linda Hamilton, Edward Furlong, Robert Patrick, Earl Boen","Action, Adventure, Sci-Fi",8.6/10,137 min,"1,229,883"
Star Wars: Episode IV: A New Hope - Deleted Scenes,2011,,"Peter Barbour, Paul Blake, Ronn Brown, Janice Burchette, Ted Burnett","Short, Action, Drama, Sci-Fi",8.5/10,16 min,"10,090"
Back to the Future,1985,Robert Zemeckis,"Michael J. Fox, Christopher Lloyd, Lea Thompson, Crispin Glover, Tom Wilson","Adventure, Comedy, Sci-Fi",8.5/10,116 min,"1,374,580"
Spirited Away,2001,Hayao Miyazaki,"Rumi Hiiragi, Miyu Irino, Mari Natsuki, Takashi Naitô, Yasuko Sawaguchi","Animation, Adventure, Family, Fantasy, Mystery",8.6/10,124 min,"907,573"
The Pianist,2002,Roman Polanski,"Adrien Brody, Emilia Fox, Michal Zebrowski, Ed Stoppard, Maureen Lipman","Biography, Drama, Music, War",8.5/10,150 min,"966,260"
Gladiator,2000,Ridley Scott,"Russell Crowe, Joaquin Phoenix, Connie Nielsen, Oliver Reed, Richard Harris","Action, Adventure, Drama",8.5/10,155 min,"1,755,238"
Parasite,2019,Bong Joon Ho,"Song Kang-ho, Lee Sun-kyun, Cho Yeo-jeong, Choi Woo-sik, Park So-dam","Drama, Thriller",8.5/10,132 min,"1,058,231"
Psycho,1960,Alfred Hitchcock,"Anthony Perkins, Vera Miles, John Gavin, Janet Leigh, Martin Balsam","Drama, Horror, Mystery, Thriller",8.5/10,109 min,"751,159"
Mufasa: The Lion King,2024,Barry Jenkins,"Aaron Pierre, Kelvin Harrison Jr., Tiffany Boone, Kagiso Lediga, Preston Nyman","Animation, Adventure, Drama, Family, Fantasy, Musical",6.6/10,118 min,"64,435"
Grave of the Fireflies,2024,,,Drama,7.4/10,N/A,12
The Departed,2006,Martin Scorsese,"Leonardo DiCaprio, Matt Damon, Jack Nicholson, Mark Wahlberg, Martin Sheen","Crime, Drama, Thriller",8.5/10,151 min,"1,484,776"
Whiplash,2014,Damien Chazelle,"Miles Teller, J.K. Simmons, Paul Reiser, Melissa Benoist, Austin Stowell","Drama, Music",8.5/10,106 min,"1,070,931"
Harakiri,1962,Masaki Kobayashi,"Tatsuya Nakadai, Akira Ishihama, Shima Iwashita, Tetsurô Tanba, Masao Mishima","Drama, Mystery",8.6/10,133 min,"79,237"
American History X,1998,Tony Kaye,"Edward Norton, Edward Furlong, Beverly D'Angelo, Jennifer Lien, Ethan Suplee","Crime, Drama",8.5/10,119 min,"1,229,364"
The Prestige,2006,Christopher Nolan,"Hugh Jackman, Christian Bale, Michael Caine, Piper Perabo, Rebecca Hall","Drama, Mystery, Sci-Fi, Thriller",8.5/10,130 min,"1,511,448"
Léon: The Professional,1994,Luc Besson,"Jean Reno, Gary Oldman, Natalie Portman, Danny Aiello, Peter Appel","Action, Crime, Drama, Thriller",8.5/10,110 min,"1,300,452"
Spider-Man: Across the Spider-Verse,2023,"Joaquim Dos Santos, Kemp Powers, Justin K. Thompson","Shameik Moore, Hailee Steinfeld, Brian Tyree Henry, Luna Lauren Velez, Jake Johnson","Animation, Action, Adventure, Family, Fantasy, Sci-Fi",8.5/10,140 min,"451,883"
Casablanca,1942,Michael Curtiz,"Humphrey Bogart, Ingrid Bergman, Paul Henreid, Claude Rains, Conrad Veidt","Drama, Romance, War",8.5/10,102 min,"630,262"
The Usual Suspects,1995,Bryan Singer,"Stephen Baldwin, Gabriel Byrne, Benicio Del Toro, Kevin Pollak, Kevin Spacey","Crime, Drama, Mystery, Thriller",8.5/10,106 min,"1,187,881"
The Intouchables,2011,"Olivier Nakache, Éric Toledano","François Cluzet, Omar Sy, Anne Le Ny, Audrey Fleurot, Joséphine de Meaux","Comedy, Drama",8.5/10,112 min,"976,101"
Cinema Paradiso,1988,Giuseppe Tornatore,"Antonella Attili, Enzo Cannavale, Isa Danieli, Leo Gullotta, Marco Leonardi","Drama, Romance",8.5/10,174 min,"300,676"
Alien,1979,Ridley Scott,"Tom Skerritt, Sigourney Weaver, Veronica Cartwright, Harry Dean Stanton, John Hurt","Horror, Sci-Fi",8.5/10,117 min,"1,013,877"
Modern Times,1936,Charles Chaplin,"Charles Chaplin, Paulette Goddard, Henry Bergman, Tiny Sandford, Chester Conklin","Comedy, Drama, Romance",8.5/10,87 min,"272,346"
Rear Window,1954,Alfred Hitchcock,"James Stewart, Grace Kelly, Wendell Corey, Thelma Ritter, Raymond Burr","Drama, Mystery, Thriller",8.5/10,112 min,"545,203"
Once Upon a Time in the West,2019,Cibas Cebas,John Wayne,"Short, Western",8.4/10,3 min,9
Django Unchained,2012,Quentin Tarantino,"Jamie Foxx, Christoph Waltz, Leonardo DiCaprio, Kerry Washington, Samuel L. Jackson",Western,8.5/10,165 min,"1,787,203"
City Lights,1931,Charles Chaplin,"Virginia Cherrill, Florence Lee, Harry Myers, Al Ernest Garcia, Hank Mann","Comedy, Drama, Romance",8.5/10,87 min,"206,590"
Apocalypse Now,1979,Francis Ford Coppola,"Marlon Brando, Martin Sheen, Robert Duvall, Frederic Forrest, Sam Bottoms","Drama, Mystery, War",8.4/10,147 min,"740,915"
Dune: Part Two,2024,Denis Villeneuve,"Timothée Chalamet, Zendaya, Rebecca Ferguson, Javier Bardem, Josh Brolin","Action, Adventure, Drama, Sci-Fi",8.5/10,166 min,"625,745"
Memento,2000,Christopher Nolan,"Guy Pearce, Carrie-Anne Moss, Joe Pantoliano, Mark Boone Junior, Russ Fega","Mystery, Thriller",8.4/10,113 min,"1,376,430"
WALL·E,2008,Andrew Stanton,"Ben Burtt, Elissa Knight, Jeff Garlin, Fred Willard, MacInTalk","Animation, Adventure, Family, Sci-Fi",8.4/10,98 min,"1,258,346"
Raiders of the Lost Ark,1981,Steven Spielberg,"Harrison Ford, Karen Allen, Paul Freeman, Ronald Lacey, John Rhys-Davies","Action, Adventure",8.4/10,115 min,"1,072,442"
The Lives Of Others,2014,Bahareh Ahmadi,,"Animation, Short",N/A/10,N/A,N/A
Avengers: Infinity War,2018,"Anthony Russo, Joe Russo","Robert Downey Jr., Chris Hemsworth, Mark Ruffalo, Chris Evans, Scarlett Johansson","Action, Adventure, Sci-Fi",8.4/10,149 min,"1,283,062"
Sunset Boulevard,1950,Billy Wilder,"William Holden, Gloria Swanson, Erich von Stroheim, Nancy Olson, Fred Clark","Drama, Film-Noir",8.4/10,110 min,"248,436"
Spider-Man: Into the Spider-Verse,2018,"Bob Persichetti, Peter Ramsey, Rodney Rothman","Shameik Moore, Jake Johnson, Hailee Steinfeld, Mahershala Ali, Brian Tyree Henry","Animation, Action, Adventure, Comedy, Family, Fantasy, Sci-Fi",8.4/10,117 min,"728,316"
Witness for the Prosecution,1957,Billy Wilder,"Tyrone Power, Marlene Dietrich, Charles Laughton, Elsa Lanchester, John Williams","Crime, Drama, Mystery, Thriller",8.4/10,116 min,"149,612"
Paths of Glory,1957,Stanley Kubrick,"Kirk Douglas, Ralph Meeker, Adolphe Menjou, George Macready, Wayne Morris","Drama, War",8.4/10,88 min,"225,588"
The Shining,1980,Stanley Kubrick,"Jack Nicholson, Shelley Duvall, Danny Lloyd, Scatman Crothers, Barry Nelson","Drama, Horror",8.4/10,146 min,"1,164,399"
The Great Dictator,1940,Charles Chaplin,"Charles Chaplin, Jack Oakie, Reginald Gardiner, Henry Daniell, Billy Gilbert","Comedy, Drama, War",8.4/10,125 min,"248,414"
12th Fail,2023,Vidhu Vinod Chopra,"Vikrant Massey, Medha Shankr, Anant Joshi, Anshuman Pushkar, Geeta Agrawal Sharma","Biography, Drama",8.8/10,147 min,"146,625"
Aliens,1986,James Cameron,"Sigourney Weaver, Carrie Henn, Michael Biehn, Paul Reiser, Lance Henriksen","Action, Adventure, Horror, Sci-Fi, Thriller",8.4/10,137 min,"807,425"
Inglourious Basterds,2009,Quentin Tarantino,"Brad Pitt, Mélanie Laurent, Christoph Waltz, Eli Roth, Michael Fassbender","Adventure, Drama, War",8.4/10,153 min,"1,678,076"
The Dark Knight Rises,2012,Christopher Nolan,"Christian Bale, Gary Oldman, Tom Hardy, Joseph Gordon-Levitt, Anne Hathaway","Action, Crime, Drama, Thriller",8.4/10,164 min,"1,909,381"
Coco,2017,"Lee Unkrich, Adrian Molina","Anthony Gonzalez, Gael García Bernal, Benjamin Bratt, Alanna Ubach, Renee Victor","Animation, Adventure, Drama, Family, Fantasy, Music, Mystery",8.4/10,105 min,"647,883"
Amadeus,1984,Milos Forman,"F. Murray Abraham, Tom Hulce, Elizabeth Berridge, Roy Dotrice, Simon Callow","Biography, Drama, Music",8.4/10,160 min,"447,834"
Toy Story,1995,John Lasseter,"Tom Hanks, Tim Allen, Don Rickles, Jim Varney, Wallace Shawn","Animation, Adventure, Comedy, Family, Fantasy",8.3/10,81 min,"1,120,345"
Avengers: Endgame,2019,"Anthony Russo, Joe Russo","Robert Downey Jr., Chris Evans, Mark Ruffalo, Chris Hemsworth, Scarlett Johansson","Action, Adventure, Sci-Fi",8.4/10,181 min,"1,352,582"
Good Will Hunting,1997,Gus Van Sant,"Matt Damon, Ben Affleck, Stellan Skarsgård, John Mighton, Rachel Majorowski","Drama, Romance",8.3/10,126 min,"1,134,791"
Oldboy,2003,Park Chan-wook,"Choi Min-sik, Yoo Ji-tae, Kang Hye-jeong, Kim Byeong-Ok, Ji Dae-han","Action, Drama, Mystery, Thriller",8.3/10,120 min,"677,238"
Dr. Strangelove or: How I Learned to Stop Worrying and Love the Bomb,1964,Stanley Kubrick,"Peter Sellers, George C. Scott, Sterling Hayden, Keenan Wynn, Slim Pickens","Comedy, War",8.3/10,95 min,"536,951"
Das Boot,1981,Wolfgang Petersen,"Jürgen Prochnow, Herbert Grönemeyer, Klaus Wennemann, Hubertus Bengsch, Martin Semmelrogge","Drama, War",8.4/10,149 min,"278,837"
American Beauty,1999,Sam Mendes,"Kevin Spacey, Annette Bening, Thora Birch, Wes Bentley, Mena Suvari",Drama,8.3/10,122 min,"1,247,407"
Braveheart,1995,Mel Gibson,"James Robinson, Sean Lawlor, Sandy Nelson, James Cosmo, Sean McGinley","Biography, Drama, War",8.3/10,178 min,"1,127,960"
Princess Mononoke,1997,Hayao Miyazaki,"Billy Crudup, Billy Bob Thornton, Minnie Driver, John DiMaggio, Claire Danes","Animation, Adventure, Fantasy",8.3/10,133 min,"459,168"
Your Name.,2016,Makoto Shinkai,"Ryûnosuke Kamiki, Mone Kamishiraishi, Ryo Narita, Aoi Yûki, Nobunaga Shimazaki","Animation, Drama, Fantasy, Romance",8.4/10,106 min,"355,463"
High and Low,1963,Akira Kurosawa,"Toshirô Mifune, Tatsuya Nakadai, Kyôko Kagawa, Tatsuya Mihashi, Isao Kimura","Crime, Drama, Mystery, Thriller",8.4/10,143 min,"59,834"
3 Idiots,2009,Rajkumar Hirani,"Aamir Khan, Madhavan, Sharman Joshi, Kareena Kapoor, Boman Irani","Comedy, Drama",8.4/10,170 min,"457,432"
Joker,2019,Todd Phillips,"Joaquin Phoenix, Robert De Niro, Zazie Beetz, Frances Conroy, Brett Cullen","Crime, Drama, Thriller",8.3/10,122 min,"1,605,095"
The Chaos Class Failed the Class,1975,Ertem Egilmez,"Münir Özkul, Tarik Akan, Kemal Sunal, Adile Nasit, Halit Akçatepe",Comedy,8.8/10,95 min,"26,070"
Once Upon a Time in America,1984,Sergio Leone,"Robert De Niro, James Woods, Elizabeth McGovern, Treat Williams, Tuesday Weld","Crime, Drama",8.3/10,229 min,"394,388"
Capernaum,2018,Nadine Labaki,"Zain Al Rafeea, Yordanos Shiferaw, Boluwatife Treasure Bankole, Kawsar Al Haddad, Fadi Yousef",Drama,8.4/10,126 min,"115,723"
Singin' in the Rain,1952,"Stanley Donen, Gene Kelly","Gene Kelly, Donald O'Connor, Debbie Reynolds, Jean Hagen, Millard Mitchell","Comedy, Musical, Romance",8.3/10,103 min,"272,132"
Come and See,1985,Elem Klimov,"Aleksey Kravchenko, Olga Mironova, Liubomiras Laucevicius, Vladas Bagdonas, Jüri Lumiste","Drama, Thriller, War",8.3/10,142 min,"111,311"
Requiem for a Dream,2000,Darren Aronofsky,"Ellen Burstyn, Jared Leto, Jennifer Connelly, Marlon Wayans, Christopher McDonald",Drama,8.3/10,102 min,"937,170"
Toy Story 3,2010,Lee Unkrich,"Tom Hanks, Tim Allen, Joan Cusack, Ned Beatty, Don Rickles","Animation, Adventure, Comedy, Family, Fantasy",8.3/10,103 min,"930,073"
Star Wars: Episode VI - Return of the Jedi,1983,Richard Marquand,"Mark Hamill, Harrison Ford, Carrie Fisher, Billy Dee Williams, Anthony Daniels","Action, Adventure, Fantasy, Sci-Fi",8.3/10,131 min,"1,162,379"
The Hunt,2020,Craig Zobel,"Betty Gilpin, Hilary Swank, Ike Barinholtz, Wayne Duvall, Ethan Suplee","Action, Horror, Thriller",6.6/10,90 min,"143,607"
Ikiru,1952,Akira Kurosawa,"Takashi Shimura, Shin'ichi Himori, Haruo Tanaka, Minoru Chiaki, Miki Odagiri",Drama,8.3/10,143 min,"96,121"
Eternal Sunshine of the Spotless Mind,2004,Michel Gondry,"Jim Carrey, Kate Winslet, Gerry Robert Byrne, Elijah Wood, Thomas Jay Ryan","Drama, Romance, Sci-Fi",8.3/10,108 min,"1,134,430"
2001: A Space Odyssey,1968,Stanley Kubrick,"Keir Dullea, Gary Lockwood, William Sylvester, Daniel Richter, Leonard Rossiter","Adventure, Sci-Fi",8.3/10,149 min,"752,291"
Reservoir Dogs,1992,Quentin Tarantino,"Harvey Keitel, Tim Roth, Michael Madsen, Chris Penn, Steve Buscemi","Crime, Thriller",8.3/10,99 min,"1,130,557"
The Apartment,1960,Billy Wilder,"Jack Lemmon, Shirley MacLaine, Fred MacMurray, Ray Walston, Jack Kruschen","Comedy, Drama, Romance",8.3/10,125 min,"208,520"
Incendies,2010,Denis Villeneuve,"Mustafa Kamel, Hussein Sami, Rémy Girard, Mélissa Désormeaux-Poulin, Maxim Gaudette","Drama, Mystery, War",8.3/10,131 min,"226,509"
Lawrence of Arabia,1962,David Lean,"Peter O'Toole, Alec Guinness, Anthony Quinn, Jack Hawkins, Omar Sharif","Adventure, Biography, Drama, War",8.3/10,227 min,"328,588"
Scarface,1983,Brian De Palma,"Al Pacino, Steven Bauer, Michelle Pfeiffer, Mary Elizabeth Mastrantonio, Robert Loggia","Crime, Drama",8.3/10,170 min,"963,166"
Double Indemnity,1944,Billy Wilder,"Fred MacMurray, Barbara Stanwyck, Edward G. Robinson, Porter Hall, Jean Heather","Crime, Drama, Film-Noir, Mystery, Thriller",8.3/10,107 min,"174,566"
Heat,1995,Michael Mann,"Al Pacino, Robert De Niro, Val Kilmer, Jon Voight, Tom Sizemore","Action, Crime, Drama",8.3/10,170 min,"756,216"
North by Northwest,1959,Alfred Hitchcock,"Cary Grant, Eva Marie Saint, James Mason, Jessie Royce Landis, Leo G. Carroll","Adventure, Drama, Mystery, Thriller",8.3/10,136 min,"359,892"
Up,2009,"Pete Docter, Bob Peterson","Edward Asner, Christopher Plummer, Jordan Nagai, Bob Peterson, Delroy Lindo","Animation, Adventure, Comedy, Drama, Family",8.3/10,96 min,"1,179,326"
Citizen Kane,1941,Orson Welles,"Joseph Cotten, Dorothy Comingore, Agnes Moorehead, Ruth Warrick, Ray Collins","Drama, Mystery",8.3/10,119 min,"480,358"
M*A*S*H,1972,,"Alan Alda, Loretta Swit, Jamie Farr, William Christopher, Harry Morgan","Comedy, Drama, War",8.5/10,25 min,"66,522"
Full Metal Jacket,1987,Stanley Kubrick,"Matthew Modine, Adam Baldwin, Vincent D'Onofrio, R. Lee Ermey, Dorian Harewood","Drama, War",8.2/10,116 min,"820,502"
Vertigo,1958,Alfred Hitchcock,"James Stewart, Kim Novak, Barbara Bel Geddes, Tom Helmore, Henry Jones","Mystery, Romance, Thriller",8.3/10,128 min,"444,301"
Amélie,2001,Jean-Pierre Jeunet,"Audrey Tautou, Mathieu Kassovitz, Rufus, Lorella Cravotta, Serge Merlin","Comedy, Romance",8.3/10,122 min,"817,499"
A Separation,2011,Asghar Farhadi,"Leila Hatami, Payman Maadi, Shahab Hosseini, Sareh Bayat, Sarina Farhadi",Drama,8.3/10,123 min,"268,855"
To Kill a Mockingbird,1962,Robert Mulligan,"Gregory Peck, John Megna, Frank Overton, Rosemary Murphy, Ruth White","Crime, Drama",8.3/10,129 min,"342,833"
A Clockwork Orange,1971,Stanley Kubrick,"Malcolm McDowell, Patrick Magee, Michael Bates, Warren Clarke, John Clive","Crime, Sci-Fi",8.2/10,136 min,"910,321"
Like Stars on Earth,2007,Aamir Khan,"Darsheel Safary, Aamir Khan, Tisca Chopra, Vipin Sharma, Tanay Chheda","Drama, Family",8.3/10,162 min,"217,263"
Die Hard,1988,John McTiernan,"Bruce Willis, Bonnie Bedelia, Reginald VelJohnson, Paul Gleason, De'voreaux White","Action, Thriller",8.2/10,132 min,"988,764"
The Sting,1973,George Roy Hill,"Paul Newman, Robert Redford, Robert Shaw, Charles Durning, Ray Walston","Comedy, Crime, Drama",8.3/10,129 min,"289,888"
Indiana Jones and the Last Crusade,1989,Steven Spielberg,"Harrison Ford, Sean Connery, Denholm Elliott, Alison Doody, John Rhys-Davies","Action, Adventure",8.2/10,127 min,"837,227"
Oppenheimer,2023,Christopher Nolan,"Cillian Murphy, Emily Blunt, Robert Downey Jr., Alden Ehrenreich, Scott Grimes","Biography, Drama, History",8.3/10,180 min,"884,860"
Metropolis,1927,Fritz Lang,"Alfred Abel, Gustav Fröhlich, Rudolf Klein-Rogge, Fritz Rasp, Theodor Loos","Drama, Sci-Fi",8.3/10,153 min,"193,977"
Snatch,2000,Guy Ritchie,"Ade, William Beck, Andy Beckwith, Ewen Bremner, Jason Buckham","Comedy, Crime",8.2/10,104 min,"944,665"
1917,2019,Sam Mendes,"Dean-Charles Chapman, George MacKay, Daniel Mays, Colin Firth, Pip Carter","Action, Drama, War",8.2/10,119 min,"725,936"
L.A. Confidential,1997,Curtis Hanson,"Kevin Spacey, Russell Crowe, Guy Pearce, James Cromwell, Kim Basinger","Crime, Drama, Mystery, Thriller",8.2/10,138 min,"640,138"
Bicycle Thieves,1948,Vittorio De Sica,"Lamberto Maggiorani, Enzo Staiola, Lianella Carell, Elena Altieri, Gino Saltamerenda",Drama,8.2/10,89 min,"184,998"
Downfall,2004,Oliver Hirschbiegel,"Bruno Ganz, Alexandra Maria Lara, Corinna Harfouch, Ulrich Matthes, Juliane Köhler","Biography, Drama, History, War",8.2/10,156 min,"387,901"
Dangal,2016,Nitesh Tiwari,"Aamir Khan, Fatima Sana Shaikh, Sanya Malhotra, Sakshi Tanwar, Aparshakti Khurana","Action, Biography, Drama, Sport",8.3/10,161 min,"224,823"
The Wolf of Wall Street,2013,Martin Scorsese,"Leonardo DiCaprio, Jonah Hill, Margot Robbie, Matthew McConaughey, Kyle Chandler","Biography, Comedy, Crime, Drama",8.2/10,180 min,"1,681,907"
Hamilton,2020,Thomas Kail,"Daveed Diggs, Renée Elise Goldsberry, Jonathan Groff, Chris Jackson, Jasmine Cephas Jones","Biography, Drama, History, Musical",8.3/10,160 min,"127,102"
Taxi Driver,1976,Martin Scorsese,"Diahnne Abbott, Frank Adu, Victor Argo, Gino Ardito, Garth Avery","Crime, Drama",8.2/10,114 min,"976,614"
Green Book,2018,Peter Farrelly,"Viggo Mortensen, Mahershala Ali, Linda Cardellini, Sebastian Maniscalco, Dimiter D. Marinov","Biography, Comedy, Drama, Music",8.2/10,130 min,"633,132"
Batman Begins,2005,Christopher Nolan,"Christian Bale, Michael Caine, Liam Neeson, Katie Holmes, Gary Oldman","Action, Crime, Drama, Thriller",8.2/10,140 min,"1,643,582"
For A Few Dollars More,2020,Meg Pfeiffer,,"Music, Western",7.5/10,3 min,11
Judgment at Nuremberg,1961,Stanley Kramer,"Spencer Tracy, Burt Lancaster, Richard Widmark, Marlene Dietrich, Maximilian Schell","Drama, War",8.3/10,179 min,"91,281"
The Truman Show,1998,Peter Weir,"Jim Carrey, Laura Linney, Noah Emmerich, Natascha McElhone, Holland Taylor","Comedy, Drama",8.2/10,103 min,"1,275,494"
Some Like It Hot,1959,Billy Wilder,"Marilyn Monroe, Tony Curtis, Jack Lemmon, George Raft, Pat O'Brien","Comedy, Music, Romance",8.2/10,121 min,"294,583"
Shutter Island,2010,Martin Scorsese,"Leonardo DiCaprio, Mark Ruffalo, Ben Kingsley, Max von Sydow, Michelle Williams","Drama, Mystery, Thriller",8.2/10,138 min,"1,545,666"
The Karate Kid,1984,John G. Avildsen,"Ralph Macchio, Pat Morita, Elisabeth Shue, Martin Kove, Randee Heller","Action, Drama, Family, Sport",7.3/10,126 min,"258,340"
The Father,2020,Florian Zeller,"Olivia Colman, Anthony Hopkins, Mark Gatiss, Olivia Williams, Imogen Poots","Drama, Mystery",8.2/10,97 min,"212,346"
All About Eve,1950,Joseph L. Mankiewicz,"Bette Davis, Anne Baxter, George Sanders, Celeste Holm, Gary Merrill",Drama,8.2/10,138 min,"144,468"
Jurassic Park,1993,Steven Spielberg,"Sam Neill, Laura Dern, Jeff Goldblum, Richard Attenborough, Bob Peck","Action, Adventure, Sci-Fi, Thriller",8.2/10,127 min,"1,116,988"
There Will Be Blood,2007,Paul Thomas Anderson,"Daniel Day-Lewis, Martin Stringer, Matthew Braden Stringer, Jacob Stringer, Joseph Mussey",Drama,8.2/10,158 min,"669,662"
Casino,1995,Martin Scorsese,"Robert De Niro, Sharon Stone, Joe Pesci, James Woods, Don Rickles","Crime, Drama",8.2/10,178 min,"591,139"
The Sixth Sense,1999,M. Night Shyamalan,"Bruce Willis, Haley Joel Osment, Toni Collette, Olivia Williams, Trevor Morgan","Drama, Mystery, Thriller",8.2/10,107 min,"1,097,561"
Ran,1985,Akira Kurosawa,"Tatsuya Nakadai, Akira Terao, Jinpachi Nezu, Daisuke Ryû, Mieko Harada","Action, Drama, War",8.2/10,160 min,"143,423"
Top Gun: Maverick,2022,Joseph Kosinski,"Tom Cruise, Val Kilmer, Miles Teller, Jennifer Connelly, Bashir Salahuddin","Action, Drama",8.2/10,130 min,"772,424"
No Country for Old Men,2007,"Ethan Coen, Joel Coen","Tommy Lee Jones, Javier Bardem, Josh Brolin, Woody Harrelson, Kelly Macdonald","Crime, Drama, Thriller",8.2/10,122 min,"1,119,460"
The Thing,1982,John Carpenter,"Kurt Russell, Wilford Brimley, T.K. Carter, David Clennon, Keith David","Horror, Mystery, Sci-Fi",8.2/10,109 min,"497,235"
Pan's Labyrinth,2006,Guillermo del Toro,"Ivana Baquero, Sergi López, Maribel Verdú, Doug Jones, Ariadna Gil","Drama, Fantasy, War",8.2/10,118 min,"723,938"
Unforgiven,1992,Clint Eastwood,"Clint Eastwood, Gene Hackman, Morgan Freeman, Richard Harris, Jaimz Woolvett","Drama, Western",8.2/10,130 min,"453,729"
A Beautiful Mind,2001,Ron Howard,"Russell Crowe, Ed Harris, Jennifer Connelly, Christopher Plummer, Paul Bettany","Biography, Drama, Mystery",8.2/10,135 min,"1,020,631"
Kill Bill: Vol. 1,2003,Quentin Tarantino,"Uma Thurman, Lucy Liu, Vivica A. Fox, Daryl Hannah, David Carradine","Action, Crime, Thriller",8.2/10,111 min,"1,248,653"
The Treasure of the Sierra Madre,1948,John Huston,"Humphrey Bogart, Walter Huston, Tim Holt, Bruce Bennett, Barton MacLane","Adventure, Drama, Western",8.2/10,126 min,"137,177"
Prisoners,2013,Denis Villeneuve,"Hugh Jackman, Jake Gyllenhaal, Viola Davis, Maria Bello, Terrence Howard","Crime, Drama, Mystery, Thriller",8.2/10,153 min,"869,086"
Yojimbo,1961,Akira Kurosawa,"Toshirô Mifune, Tatsuya Nakadai, Yôko Tsukasa, Isuzu Yamada, Daisuke Katô","Action, Drama, Thriller",8.2/10,110 min,"137,382"
Finding Nemo,2003,"Andrew Stanton, Lee Unkrich","Albert Brooks, Ellen DeGeneres, Alexander Gould, Willem Dafoe, Brad Garrett","Animation, Adventure, Comedy, Family",8.2/10,100 min,"1,158,122"
The Great Escape,1963,John Sturges,"Steve McQueen, James Garner, Richard Attenborough, James Donald, Charles Bronson","Adventure, Drama, Thriller, War",8.2/10,172 min,"268,139"
Howl's Moving Castle,2004,Hayao Miyazaki,"Chieko Baishô, Takuya Kimura, Akihiro Miwa, Tatsuya Gashûin, Ryûnosuke Kamiki","Animation, Adventure, Family, Fantasy",8.2/10,119 min,"481,748"
Monty Python and the Holy Grail,1975,"Terry Gilliam, Terry Jones","Graham Chapman, John Cleese, Eric Idle, Terry Gilliam, Terry Jones","Adventure, Comedy, Fantasy",8.2/10,91 min,"586,960"
The Elephant Man,1980,David Lynch,"Anthony Hopkins, John Hurt, Anne Bancroft, John Gielgud, Wendy Hiller","Biography, Drama",8.2/10,124 min,"272,313"
Dial M for Murder,1954,Alfred Hitchcock,"Ray Milland, Grace Kelly, Robert Cummings, John Williams, Anthony Dawson","Crime, Drama, Mystery, Thriller",8.2/10,105 min,"197,521"
Gone with the Wind,1939,Victor Fleming,"Thomas Mitchell, Barbara O'Neil, Vivien Leigh, Evelyn Keyes, Ann Rutherford","Drama, Romance, War",8.2/10,238 min,"345,914"
Klaus,2019,"Sergio Pablos, Carlos Martínez López","Jason Schwartzman, J.K. Simmons, Rashida Jones, Will Sasso, Neda Margrethe Labba","Animation, Adventure, Comedy, Family, Fantasy",8.2/10,96 min,"213,628"
Rashomon,1950,Akira Kurosawa,"Toshirô Mifune, Machiko Kyô, Masayuki Mori, Takashi Shimura, Minoru Chiaki","Crime, Drama, Mystery",8.2/10,88 min,"189,061"
Chinatown,1974,Roman Polanski,"Jack Nicholson, Faye Dunaway, John Huston, Perry Lopez, John Hillerman","Drama, Mystery, Thriller",8.1/10,130 min,"364,401"
The Secret in Their Eyes,2009,Juan José Campanella,"Soledad Villamil, Ricardo Darín, Carla Quevedo, Pablo Rago, Javier Godino","Drama, Mystery, Romance, Thriller",8.2/10,129 min,"232,229"
"Lock, Stock and Two Smoking Barrels",1998,Guy Ritchie,"Jason Flemyng, Dexter Fletcher, Nick Moran, Jason Statham, Steven Mackintosh","Comedy, Crime",8.1/10,107 min,"634,365"
V for Vendetta,2005,James McTeigue,"Natalie Portman, Hugo Weaving, Stephen Rea, Stephen Fry, John Hurt","Action, Drama, Sci-Fi, Thriller",8.1/10,132 min,"1,213,461"
Inside Out,2015,"Pete Docter, Ronnie Del Carmen","Amy Poehler, Phyllis Smith, Richard Kind, Bill Hader, Lewis Black","Animation, Adventure, Comedy, Drama, Family, Fantasy",8.1/10,95 min,"865,238"
"Three Billboards Outside Ebbing, Missouri",2017,Martin McDonagh,"Frances McDormand, Caleb Landry Jones, Kerry Condon, Sam Rockwell, Alejandro Barrios","Comedy, Crime, Drama",8.1/10,115 min,"581,872"
The Bridge on the River Kwai,1957,David Lean,"William Holden, Alec Guinness, Jack Hawkins, Sessue Hayakawa, James Donald","Adventure, Drama, War",8.1/10,161 min,"241,465"
Trainspotting,1996,Danny Boyle,"Ewan McGregor, Ewen Bremner, Jonny Lee Miller, Kevin McKidd, Robert Carlyle",Drama,8.1/10,93 min,"748,445"
Catch Me If You Can,2002,Steven Spielberg,"Leonardo DiCaprio, Tom Hanks, Christopher Walken, Martin Sheen, Nathalie Baye","Biography, Crime, Drama",8.1/10,141 min,"1,161,723"
Raging Bull,1980,Martin Scorsese,"Robert De Niro, Cathy Moriarty, Joe Pesci, Frank Vincent, Nicholas Colasanto","Biography, Drama, Sport",8.1/10,129 min,"395,079"
The Wild Robot,2024,Chris Sanders,"Lupita Nyong'o, Pedro Pascal, Kit Connor, Bill Nighy, Stephanie Hsu","Animation, Sci-Fi",8.2/10,102 min,"164,003"
Fargo,2014,,"Allison Tolman, Billy Bob Thornton, Colin Hanks, Jason Schwartzman, Martin Freeman","Crime, Drama, Thriller",8.8/10,60 min,"443,917"
Warrior,2019,,"Andrew Koji, Olivia Cheng, Jason Tobin, Dianne Doan, Kieran Bew","Action, Crime, Drama, History",8.4/10,60 min,"49,823"
Harry Potter and the Deathly Hallows: Part 2,2011,David Yates,"Ralph Fiennes, Michael Gambon, Alan Rickman, Daniel Radcliffe, Rupert Grint","Adventure, Family, Fantasy, Mystery",8.1/10,130 min,"995,249"
Gran Torino,2008,Clint Eastwood,"Clint Eastwood, Christopher Carley, Bee Vang, Ahney Her, Brian Haley",Drama,8.1/10,116 min,"838,132"
Million Dollar Baby,2004,Clint Eastwood,"Clint Eastwood, Hilary Swank, Morgan Freeman, Jay Baruchel, Mike Colter","Drama, Sport",8.1/10,132 min,"745,336"
My Neighbor Totoro,1988,Hayao Miyazaki,"Noriko Hidaka, Chika Sakamoto, Shigesato Itoi, Sumi Shimamoto, Tanie Kitabayashi","Animation, Comedy, Family, Fantasy",8.1/10,86 min,"406,330"
Mad Max: Fury Road,2015,George Miller,"Tom Hardy, Charlize Theron, Nicholas Hoult, Hugh Keays-Byrne, Josh Helman","Action, Adventure, Sci-Fi, Thriller",8.1/10,120 min,"1,163,116"
Ben-Hur,1959,William Wyler,"Charlton Heston, Jack Hawkins, Haya Harareet, Stephen Boyd, Hugh Griffith","Adventure, Drama",8.1/10,212 min,"262,960"
Spider-Man: No Way Home,2021,Jon Watts,"Tom Holland, Zendaya, Benedict Cumberbatch, Jacob Batalon, Jon Favreau","Action, Adventure, Fantasy, Sci-Fi",8.2/10,148 min,"947,947"
Barry Lyndon,1975,Stanley Kubrick,"Ryan O'Neal, Marisa Berenson, Patrick Magee, Hardy Krüger, Steven Berkoff","Adventure, Drama, War",8.1/10,185 min,"192,797"
Dead Poets Society,1989,Peter Weir,"Robin Williams, Robert Sean Leonard, Ethan Hawke, Josh Charles, Gale Hansen","Comedy, Drama",8.1/10,128 min,"589,443"
Children of Heaven,1997,Majid Majidi,"Reza Naji, Amir Farrokh Hashemian, Bahare Seddiqi, Nafise Jafar-Mohammadi, Fereshte Sarabandi","Drama, Family, Sport",8.2/10,89 min,"85,494"
12 Years a Slave,2013,Steve McQueen,"Chiwetel Ejiofor, Dwight Henry, Dickie Gravois, Bryan Batt, Ashley Dyke","Biography, Drama, History",8.1/10,134 min,"763,703"
Before Sunrise,1995,Richard Linklater,"Ethan Hawke, Julie Delpy, Andrea Eckert, Hanno Pöschl, Karl Bruckschwaiger","Comedy, Drama, Romance",8.1/10,101 min,"358,196"
The Grand Budapest Hotel,2014,Wes Anderson,"Ralph Fiennes, F. Murray Abraham, Mathieu Amalric, Adrien Brody, Willem Dafoe","Comedy, Drama",8.1/10,99 min,"924,876"
Blade Runner,1982,Ridley Scott,"Harrison Ford, Sean Young, Rutger Hauer, Edward James Olmos, M. Emmet Walsh","Action, Drama, Sci-Fi, Thriller",8.1/10,117 min,"852,980"
Hacksaw Ridge,2016,Mel Gibson,"Andrew Garfield, Richard Pyros, Jacob Warner, Milo Gibson, Darcy Bryce","Biography, Drama, History, War",8.1/10,139 min,"635,517"
Gone Girl,2014,David Fincher,"Ben Affleck, Rosamund Pike, Neil Patrick Harris, Tyler Perry, Carrie Coon","Drama, Mystery, Thriller",8.1/10,149 min,"1,118,872"
Memories of Murder,2003,Bong Joon Ho,"Song Kang-ho, Kim Sang-kyung, Kim Roe-ha, Song Jae-ho, Byun Hee-Bong","Crime, Drama, Mystery, Thriller",8.1/10,131 min,"240,115"
Ratatouille,2007,"Brad Bird, Jan Pinkava","Patton Oswalt, Ian Holm, Lou Romano, Brian Dennehy, Peter Sohn","Animation, Adventure, Comedy, Family, Fantasy",8.1/10,111 min,"882,793"
"Monsters, Inc.",2001,"Pete Docter, David Silverman, Lee Unkrich","John Goodman, Billy Crystal, Mary Gibbs, Steve Buscemi, James Coburn","Animation, Adventure, Comedy, Family, Fantasy",8.1/10,92 min,"1,025,869"
In the Name of the Father,1993,Jim Sheridan,"Alison Crosbie, Philip King, Emma Thompson, Nye Heron, Daniel Day-Lewis","Biography, Crime, Drama",8.1/10,133 min,"195,529"
How to Train Your Dragon,2025,Dean DeBlois,"Mason Thames, Nico Parker, Gerard Butler, Julian Dennison, Gabriel Howell","Action, Adventure, Comedy, Drama, Family, Fantasy",N/A/10,116 min,N/A
The Gold Rush,1925,Charles Chaplin,"Charles Chaplin, Mack Swain, Tom Murray, Henry Bergman, Malcolm Waite","Adventure, Comedy, Drama, Romance, Western",8.1/10,95 min,"123,584"
Wild Tales,2014,Damián Szifron,"Darío Grandinetti, María Marull, Mónica Villa, Diego Starosta, Marcelo Frasca","Comedy, Drama, Thriller",8.1/10,122 min,"227,927"
Jaws,1975,Steven Spielberg,"Roy Scheider, Robert Shaw, Richard Dreyfuss, Lorraine Gary, Murray Hamilton","Adventure, Drama, Horror, Thriller",8.1/10,124 min,"692,961"
Sherlock Jr.,1924,Buster Keaton,"Buster Keaton, Kathryn McGuire, Joe Keaton, Erwin Connelly, Ward Crane","Action, Comedy, Romance",8.2/10,45 min,"61,731"
Mary and Max,2009,Adam Elliot,"Christopher Massey, Oliver Marks, Daisy Kocher, Daniel Marks, Hamish Hughes","Animation, Comedy, Drama",8.1/10,92 min,"195,651"
The Deer Hunter,1978,Michael Cimino,"Robert De Niro, John Cazale, John Savage, Christopher Walken, Meryl Streep","Drama, War",8.1/10,183 min,"375,022"
Ford v Ferrari,2019,James Mangold,"Matt Damon, Christian Bale, Jon Bernthal, Caitríona Balfe, Josh Lucas","Action, Biography, Drama, Sport",8.1/10,152 min,"520,865"
The General,1926,"Clyde Bruckman, Buster Keaton","Buster Keaton, Marion Mack, Glen Cavender, Jim Farley, Frederick Vroom","Action, Adventure, Comedy, Drama, War",8.1/10,78 min,"102,502"
The Wages of Fear - IMDb,N/A,,,"Drama, Thriller",N/A/10,N/A,N/A
On the Waterfront,1954,Elia Kazan,"Marlon Brando, Karl Malden, Lee J. Cobb, Rod Steiger, Pat Henning","Crime, Drama, Thriller",8.1/10,108 min,"171,981"
Mr. Smith Goes to Washington,1939,Frank Capra,"Jean Arthur, James Stewart, Claude Rains, Edward Arnold, Guy Kibbee","Comedy, Drama",8.1/10,129 min,"125,755"
Wild Strawberries,1957,Ingmar Bergman,"Victor Sjöström, Bibi Andersson, Ingrid Thulin, Gunnar Björnstrand, Jullan Kindahl","Drama, Romance",8.1/10,92 min,"120,194"
Logan,2017,James Mangold,"Hugh Jackman, Patrick Stewart, Dafne Keen, Boyd Holbrook, Stephen Merchant","Action, Drama, Sci-Fi, Thriller",8.1/10,137 min,"888,020"
I'm Still Here,2024,Walter Salles,"Fernanda Torres, Fernanda Montenegro, Selton Mello, Valentina Herszage, Maria Manoella","Biography, Drama, History",8.3/10,137 min,"105,535"
Rocky,1976,John G. Avildsen,"Sylvester Stallone, Talia Shire, Burt Young, Carl Weathers, Burgess Meredith","Drama, Sport",8.1/10,120 min,"658,607"
The Third Man,1949,Carol Reed,"Joseph Cotten, Alida Valli, Orson Welles, Trevor Howard, Paul Hörbiger","Drama, Film-Noir, Mystery, Thriller",8.1/10,104 min,"189,423"
Tokyo Story,1953,Yasujirô Ozu,"Chishû Ryû, Chieko Higashiyama, Setsuko Hara, Haruko Sugimura, Sô Yamamura",Drama,8.1/10,137 min,"73,654"
Spotlight,2015,Tom McCarthy,"Mark Ruffalo, Michael Keaton, Rachel McAdams, Liev Schreiber, John Slattery","Biography, Crime, Drama",8.1/10,129 min,"518,003"
The Big Lebowski,1998,"Joel Coen, Ethan Coen","Jeff Bridges, John Goodman, Julianne Moore, Steve Buscemi, David Huddleston","Comedy, Crime",8.1/10,117 min,"889,276"
The Terminator,1984,James Cameron,"Arnold Schwarzenegger, Michael Biehn, Linda Hamilton, Paul Winfield, Lance Henriksen","Action, Adventure, Sci-Fi",8.1/10,107 min,"962,987"
Maharaja,2024,Nithilan Saminathan,"Vijay Sethupathi, Anurag Kashyap, Mamta Mohandas, Natarajan Subramaniam, Abhirami","Action, Crime, Drama, Thriller",8.4/10,141 min,"67,374"
The Seventh Seal,1957,Ingmar Bergman,"Gunnar Björnstrand, Bengt Ekerot, Nils Poppe, Max von Sydow, Bibi Andersson","Drama, Fantasy",8.1/10,96 min,"208,013"
Room,2015,Lenny Abrahamson,"Brie Larson, Jacob Tremblay, Sean Bridgers, Wendy Crewson, Sandy McMaster","Drama, Thriller",8.1/10,118 min,"467,204"
Pirates of the Caribbean: The Curse of the Black Pearl,2003,Gore Verbinski,"Johnny Depp, Geoffrey Rush, Orlando Bloom, Keira Knightley, Jack Davenport","Action, Adventure, Fantasy",8.1/10,143 min,"1,263,647"
La haine,1995,Mathieu Kassovitz,"Vincent Cassel, Hubert Koundé, Saïd Taghmaoui, Abdel Ahmed Ghili, Solo","Crime, Drama",8.1/10,98 min,"211,109"
Jai Bhim,2021,T.J. Gnanavel,"Suriya, Lijo Mol Jose, Manikandan K., Rajisha Vijayan, Prakash Raj","Crime, Drama",8.7/10,164 min,"225,179"
Hotel Rwanda,2004,Terry George,"Xolani Mali, Don Cheadle, Desmond Dube, Hakeem Kae-Kazim, Tony Kgoroge","Biography, Drama, History, War",8.1/10,121 min,"383,359"
Platoon,1986,Oliver Stone,"Keith David, Forest Whitaker, Francesco Quinn, Kevin Dillon, John C. McGinley","Drama, War",8.1/10,120 min,"455,499"
Before Sunset,2004,Richard Linklater,"Ethan Hawke, Julie Delpy, Vernon Dobtcheff, Louise Lemoine Torrès, Rodolphe Pauly","Drama, Romance",8.1/10,80 min,"301,543"
The Best Years of Our Lives,1946,William Wyler,"Myrna Loy, Fredric March, Dana Andrews, Teresa Wright, Virginia Mayo","Drama, Romance, War",8.1/10,170 min,"74,287"
The Exorcist,1973,William Friedkin,"Ellen Burstyn, Max von Sydow, Lee J. Cobb, Kitty Winn, Jack MacGowran",Horror,8.1/10,122 min,"476,844"
The Passion of Joan of Arc,2001,Marie Losier,Marie Losier,Short,4.8/10,9 min,13
The Wizard of Oz,1939,"Victor Fleming, King Vidor","Judy Garland, Frank Morgan, Ray Bolger, Bert Lahr, Jack Haley","Adventure, Family, Fantasy, Musical",8.1/10,102 min,"449,800"
The Sound of Music,1965,Robert Wise,"Julie Andrews, Christopher Plummer, Eleanor Parker, Richard Haydn, Peggy Wood","Biography, Drama, Family, Musical, Romance",8.1/10,172 min,"275,667"
The Incredibles,2004,Brad Bird,"Craig T. Nelson, Holly Hunter, Samuel L. Jackson, Jason Lee, Dominique Louis","Animation, Action, Adventure, Family",8.0/10,115 min,"853,393"
Hachi: A Dog's Tale,2009,Lasse Hallström,"Richard Gere, Joan Allen, Cary-Hiroyuki Tagawa, Sarah Roemer, Jason Alexander","Biography, Drama, Family",8.1/10,93 min,"327,566"
Rush,2013,Ron Howard,"Chris Hemsworth, Daniel Brühl, Olivia Wilde, Alexandra Maria Lara, Pierfrancesco Favino","Biography, Drama, Sport",8.1/10,123 min,"533,421"
Stand by Me,1986,Rob Reiner,"Wil Wheaton, River Phoenix, Corey Feldman, Jerry O'Connell, Kiefer Sutherland","Adventure, Comedy, Drama",8.1/10,89 min,"463,513"
My Father and My Son,2005,Çagan Irmak,"Çetin Tekindor, Fikret Kuskan, Hümeyra, Ege Tanman, Serif Sezer","Drama, Family",8.2/10,112 min,"97,174"
Network,1976,Sidney Lumet,"Faye Dunaway, William Holden, Peter Finch, Robert Duvall, Wesley Addy",Drama,8.1/10,121 min,"178,903"
The Iron Giant,1999,Brad Bird,"Jennifer Aniston, Harry Connick Jr., Vin Diesel, James Gammon, Cloris Leachman","Animation, Action, Adventure, Comedy, Drama, Family, Sci-Fi",8.1/10,86 min,"244,048"
The Handmaiden,2016,Park Chan-wook,"Kim Tae-ri, Lee Yong-nyeo, Yoo Min-chae, Lee Dong-hwi, Kim Hae-sook","Drama, Romance, Thriller",8.1/10,145 min,"187,629"
To Be or Not to Be,1942,Ernst Lubitsch,"Carole Lombard, Jack Benny, Robert Stack, Felix Bressart, Lionel Atwill","Comedy, Romance, War",8.1/10,99 min,"46,813"
"The Battle of Algiers, a Film Within History",2017,Malek Bensmaïl,"Brahim Hadjadj, Gillo Pontecorvo, Yacef Saadi",Documentary,8.0/10,117 min,46
A Silent Voice: The Movie,2016,Naoko Yamada,"Miyu Irino, Saori Hayami, Aoi Yûki, Kenshô Ono, Yûki Kaneko","Animation, Drama",8.1/10,130 min,"119,572"
The Grapes of Wrath,1940,John Ford,"Henry Fonda, Jane Darwell, John Carradine, Charley Grapewin, Dorris Bowdon",Drama,8.1/10,129 min,"104,392"
Into the Wild,2007,Sean Penn,"Emile Hirsch, Marcia Gay Harden, William Hurt, Jena Malone, Brian H. Dierker","Adventure, Biography, Drama",8.0/10,148 min,"678,412"
Groundhog Day,1993,Harold Ramis,"Bill Murray, Andie MacDowell, Chris Elliott, Stephen Tobolowsky, Brian Doyle-Murray","Comedy, Drama, Fantasy, Romance",8.0/10,101 min,"715,371"
The Help,2011,Tate Taylor,"Emma Stone, Viola Davis, Bryce Dallas Howard, Octavia Spencer, Jessica Chastain",Drama,8.1/10,146 min,"512,019"
Amores Perros,2000,Alejandro G. Iñárritu,"Emilio Echevarría, Gael García Bernal, Goya Toledo, Álvaro Guerrero, Vanessa Bauche","Drama, Thriller",8.0/10,154 min,"267,091"
Rebecca,1940,Alfred Hitchcock,"Laurence Olivier, Joan Fontaine, George Sanders, Judith Anderson, Nigel Bruce","Drama, Mystery, Romance, Thriller",8.1/10,130 min,"158,433"
Drishyam,2015,Nishikant Kamat,"Ajay Devgn, Shriya Saran, Tabu, Rajat Kapoor, Ishita Dutta","Crime, Drama, Mystery, Thriller",8.2/10,163 min,"100,853"
